Dominion,2,4,30,https://cf.geekdo-images.com/images/pic394356_md.jpg
Chess,2,2,60,https://upload.wikimedia.org/wikipedia/commons/6/6f/ChessSet.jpg
Carcassonne,2,5,30,https://upload.wikimedia.org/wikipedia/en/5/5e/Carcassonne-game.jpg
Carcassonne Hunters and Gatherers,2,5,30,http://ecx.images-amazon.com/images/I/31AxBNfxkRL._SL500_AA250_.jpg
Dogopoly,2,6,120,https://www.acornnaturalists.com/store/images/ProdImages/G-17251.jpg
Munchkin,3,6,60,https://cf.geekdo-images.com/images/pic1871016_md.jpg
Galaxy Trucker,2,4,60,https://cf.geekdo-images.com/images/pic260554_md.jpg
Bang!,2,8,60,https://cf.geekdo-images.com/images/pic1170986_md.jpg
7 Wonders,2,7,30,https://cf.geekdo-images.com/images/pic860217_md.jpg
The Castles of Burgundy,2,4,60,https://cf.geekdo-images.com/images/pic1176894.jpg
Betrayal at House on the Hill,3,6,60,https://cf.geekdo-images.com/images/pic828598_md.jpg
Avalon,5,10,15,https://cf.geekdo-images.com/images/pic1398895_md.jpg
Forbidden Island,2,4,30,https://cf.geekdo-images.com/images/pic646458_md.jpg
Acquire,3,6,60,https://cf.geekdo-images.com/images/pic342163_md.jpg
Catan,3,6,90,https://cf.geekdo-images.com/aozRplCSOpRucLxSuClX2odEUBQ=/fit-in/246x300/pic2419375.jpg
Risk,2,6,90,http://scene7.targetimg1.com/is/image/Target/10855294?wid=450&hei=450&fmt=pjpeg
LotR Risk,2,4,120,https://cf.geekdo-images.com/images/pic265703_md.jpg
Stratego,2,2,30,http://d2ydh70d4b5xgv.cloudfront.net/images/9/5/stratego-wood-box-nostalgia-game-2002-milton-bradley-battlefield-strategy-new-db2ed261761f78a43623fa133f1ba84b.jpg
Cards Against Humanity,2,10,https://upload.wikimedia.org/wikipedia/commons/thumb/c/cd/Cards-Against-Humanity.jpg/220px-Cards-Against-Humanity.jpg
Undead Presidents,2,3,60,http://img10.deviantart.net/8417/i/2015/121/1/3/undead_presidents_color_by_superleezard-d31r385.jpg
Euchre,4,4,30,https://cognitiveinvesting.files.wordpress.com/2012/12/playing-cards.jpg?w=620
Mao,3,10,45,https://cognitiveinvesting.files.wordpress.com/2012/12/playing-cards.jpg?w=620
Screw your Castle,3,6,30,https://cognitiveinvesting.files.wordpress.com/2012/12/playing-cards.jpg?w=620
President,3,8,30,https://cognitiveinvesting.files.wordpress.com/2012/12/playing-cards.jpg?w=620
Spades,3,4,30,https://cognitiveinvesting.files.wordpress.com/2012/12/playing-cards.jpg?w=620
